supplier_id,supplier_name,contact_email,reliability_score,avg_lead_time_days,defect_rate,created_at
SUP-0000,Supplier 0 Ltd,contact@supplier0.com,0.8,15,0.007,2026-02-27T14:39:29.185362
SUP-0001,Supplier 1 Ltd,contact@supplier1.com,0.84,8,0.0114,2026-02-27T14:39:29.185389
SUP-0002,Supplier 2 Ltd,contact@supplier2.com,0.71,11,0.0296,2026-02-27T14:39:29.185396
SUP-0003,Supplier 3 Ltd,contact@supplier3.com,0.78,14,0.016,2026-02-27T14:39:29.185401
SUP-0004,Supplier 4 Ltd,contact@supplier4.com,0.85,12,0.0327,2026-02-27T14:39:29.185405
SUP-0005,Supplier 5 Ltd,contact@supplier5.com,0.85,16,0.025,2026-02-27T14:39:29.185427
SUP-0006,Supplier 6 Ltd,contact@supplier6.com,0.93,9,0.0378,2026-02-27T14:39:29.185432
SUP-0007,Supplier 7 Ltd,contact@supplier7.com,0.84,21,0.0431,2026-02-27T14:39:29.185435
SUP-0008,Supplier 8 Ltd,contact@supplier8.com,0.81,8,0.0073,2026-02-27T14:39:29.185437
SUP-0009,Supplier 9 Ltd,contact@supplier9.com,0.75,11,0.0389,2026-02-27T14:39:29.185439
SUP-0010,Supplier 10 Ltd,contact@supplier10.com,0.78,9,0.0233,2026-02-27T14:39:29.185456
SUP-0011,Supplier 11 Ltd,contact@supplier11.com,0.79,14,0.0483,2026-02-27T14:39:29.185461
SUP-0012,Supplier 12 Ltd,contact@supplier12.com,0.89,21,0.0359,2026-02-27T14:39:29.185464
SUP-0013,Supplier 13 Ltd,contact@supplier13.com,0.86,15,0.0114,2026-02-27T14:39:29.185467
SUP-0014,Supplier 14 Ltd,contact@supplier14.com,0.74,3,0.0452,2026-02-27T14:39:29.185469
SUP-0015,Supplier 15 Ltd,contact@supplier15.com,0.83,20,0.0442,2026-02-27T14:39:29.185476
SUP-0016,Supplier 16 Ltd,contact@supplier16.com,0.9,21,0.0286,2026-02-27T14:39:29.185478
SUP-0017,Supplier 17 Ltd,contact@supplier17.com,0.79,17,0.0439,2026-02-27T14:39:29.185481
SUP-0018,Supplier 18 Ltd,contact@supplier18.com,0.78,8,0.0229,2026-02-27T14:39:29.185483
SUP-0019,Supplier 19 Ltd,contact@supplier19.com,0.8,13,0.01,2026-02-27T14:39:29.185485
SUP-0020,Supplier 20 Ltd,contact@supplier20.com,0.87,5,0.0109,2026-02-27T14:39:29.185487
SUP-0021,Supplier 21 Ltd,contact@supplier21.com,0.81,14,0.0064,2026-02-27T14:39:29.185489
SUP-0022,Supplier 22 Ltd,contact@supplier22.com,0.76,19,0.0268,2026-02-27T14:39:29.185491
SUP-0023,Supplier 23 Ltd,contact@supplier23.com,0.98,7,0.044,2026-02-27T14:39:29.185494
SUP-0024,Supplier 24 Ltd,contact@supplier24.com,0.81,3,0.0204,2026-02-27T14:39:29.185496
SUP-0025,Supplier 25 Ltd,contact@supplier25.com,0.74,20,0.0013,2026-02-27T14:39:29.185498
SUP-0026,Supplier 26 Ltd,contact@supplier26.com,0.76,20,0.0064,2026-02-27T14:39:29.185501
SUP-0027,Supplier 27 Ltd,contact@supplier27.com,0.78,19,0.0213,2026-02-27T14:39:29.185503
SUP-0028,Supplier 28 Ltd,contact@supplier28.com,0.99,6,0.0101,2026-02-27T14:39:29.185505
SUP-0029,Supplier 29 Ltd,contact@supplier29.com,0.79,7,0.0472,2026-02-27T14:39:29.185507
SUP-0030,Supplier 30 Ltd,contact@supplier30.com,0.94,8,0.0112,2026-02-27T14:39:29.185509
SUP-0031,Supplier 31 Ltd,contact@supplier31.com,0.97,5,0.0343,2026-02-27T14:39:29.185512
SUP-0032,Supplier 32 Ltd,contact@supplier32.com,0.76,15,0.0379,2026-02-27T14:39:29.185514
SUP-0033,Supplier 33 Ltd,contact@supplier33.com,0.88,14,0.0207,2026-02-27T14:39:29.185516
SUP-0034,Supplier 34 Ltd,contact@supplier34.com,0.81,14,0.0174,2026-02-27T14:39:29.185518
SUP-0035,Supplier 35 Ltd,contact@supplier35.com,0.72,16,0.0251,2026-02-27T14:39:29.185520
SUP-0036,Supplier 36 Ltd,contact@supplier36.com,0.72,4,0.0271,2026-02-27T14:39:29.185523
SUP-0037,Supplier 37 Ltd,contact@supplier37.com,0.75,21,0.0483,2026-02-27T14:39:29.185525
SUP-0038,Supplier 38 Ltd,contact@supplier38.com,0.83,5,0.0125,2026-02-27T14:39:29.185527
SUP-0039,Supplier 39 Ltd,contact@supplier39.com,0.92,5,0.0071,2026-02-27T14:39:29.185529
SUP-0040,Supplier 40 Ltd,contact@supplier40.com,0.71,18,0.0171,2026-02-27T14:39:29.185531
SUP-0041,Supplier 41 Ltd,contact@supplier41.com,0.95,6,0.0376,2026-02-27T14:39:29.185533
SUP-0042,Supplier 42 Ltd,contact@supplier42.com,0.74,11,0.0052,2026-02-27T14:39:29.185535
SUP-0043,Supplier 43 Ltd,contact@supplier43.com,0.82,7,0.0379,2026-02-27T14:39:29.185537
SUP-0044,Supplier 44 Ltd,contact@supplier44.com,0.94,16,0.041,2026-02-27T14:39:29.185539
SUP-0045,Supplier 45 Ltd,contact@supplier45.com,0.84,16,0.0236,2026-02-27T14:39:29.185541
SUP-0046,Supplier 46 Ltd,contact@supplier46.com,0.72,9,0.0127,2026-02-27T14:39:29.185544
SUP-0047,Supplier 47 Ltd,contact@supplier47.com,0.73,5,0.0085,2026-02-27T14:39:29.185546
SUP-0048,Supplier 48 Ltd,contact@supplier48.com,0.99,11,0.0277,2026-02-27T14:39:29.185548
SUP-0049,Supplier 49 Ltd,contact@supplier49.com,0.97,10,0.039,2026-02-27T14:39:29.185550
SUP-0050,Supplier 50 Ltd,contact@supplier50.com,0.96,4,0.0115,2026-02-27T14:39:29.185552
SUP-0051,Supplier 51 Ltd,contact@supplier51.com,0.96,16,0.0284,2026-02-27T14:39:29.185554
SUP-0052,Supplier 52 Ltd,contact@supplier52.com,0.7,10,0.02,2026-02-27T14:39:29.185557
SUP-0053,Supplier 53 Ltd,contact@supplier53.com,0.89,16,0.0114,2026-02-27T14:39:29.185559
SUP-0054,Supplier 54 Ltd,contact@supplier54.com,0.77,8,0.0154,2026-02-27T14:39:29.185561
SUP-0055,Supplier 55 Ltd,contact@supplier55.com,0.96,14,0.0158,2026-02-27T14:39:29.185563
SUP-0056,Supplier 56 Ltd,contact@supplier56.com,0.96,5,0.0476,2026-02-27T14:39:29.185565
SUP-0057,Supplier 57 Ltd,contact@supplier57.com,0.97,6,0.0288,2026-02-27T14:39:29.185567
SUP-0058,Supplier 58 Ltd,contact@supplier58.com,0.84,4,0.0113,2026-02-27T14:39:29.185570
SUP-0059,Supplier 59 Ltd,contact@supplier59.com,0.74,18,0.0425,2026-02-27T14:39:29.185572
SUP-0060,Supplier 60 Ltd,contact@supplier60.com,0.73,3,0.0489,2026-02-27T14:39:29.185574
SUP-0061,Supplier 61 Ltd,contact@supplier61.com,0.73,14,0.02,2026-02-27T14:39:29.185576
SUP-0062,Supplier 62 Ltd,contact@supplier62.com,0.89,6,0.0307,2026-02-27T14:39:29.185578
SUP-0063,Supplier 63 Ltd,contact@supplier63.com,0.83,6,0.0315,2026-02-27T14:39:29.185580
SUP-0064,Supplier 64 Ltd,contact@supplier64.com,0.9,4,0.0455,2026-02-27T14:39:29.185582
SUP-0065,Supplier 65 Ltd,contact@supplier65.com,0.84,15,0.0346,2026-02-27T14:39:29.185585
SUP-0066,Supplier 66 Ltd,contact@supplier66.com,0.74,3,0.048,2026-02-27T14:39:29.185589
SUP-0067,Supplier 67 Ltd,contact@supplier67.com,0.95,17,0.0331,2026-02-27T14:39:29.185591
SUP-0068,Supplier 68 Ltd,contact@supplier68.com,0.7,19,0.0351,2026-02-27T14:39:29.185593
SUP-0069,Supplier 69 Ltd,contact@supplier69.com,0.76,6,0.0194,2026-02-27T14:39:29.185595
SUP-0070,Supplier 70 Ltd,contact@supplier70.com,0.78,12,0.0354,2026-02-27T14:39:29.185598
SUP-0071,Supplier 71 Ltd,contact@supplier71.com,0.89,14,0.0221,2026-02-27T14:39:29.185600
SUP-0072,Supplier 72 Ltd,contact@supplier72.com,0.76,21,0.0357,2026-02-27T14:39:29.185602
SUP-0073,Supplier 73 Ltd,contact@supplier73.com,0.79,16,0.0186,2026-02-27T14:39:29.185604
SUP-0074,Supplier 74 Ltd,contact@supplier74.com,0.82,19,0.0263,2026-02-27T14:39:29.185606
SUP-0075,Supplier 75 Ltd,contact@supplier75.com,0.75,16,0.0418,2026-02-27T14:39:29.185608
SUP-0076,Supplier 76 Ltd,contact@supplier76.com,0.95,15,0.0238,2026-02-27T14:39:29.185610
SUP-0077,Supplier 77 Ltd,contact@supplier77.com,0.72,16,0.0123,2026-02-27T14:39:29.185613
SUP-0078,Supplier 78 Ltd,contact@supplier78.com,0.91,6,0.0428,2026-02-27T14:39:29.185615
SUP-0079,Supplier 79 Ltd,contact@supplier79.com,0.88,12,0.0326,2026-02-27T14:39:29.185617
SUP-0080,Supplier 80 Ltd,contact@supplier80.com,0.7,11,0.0118,2026-02-27T14:39:29.185620
SUP-0081,Supplier 81 Ltd,contact@supplier81.com,0.8,10,0.0261,2026-02-27T14:39:29.185622
SUP-0082,Supplier 82 Ltd,contact@supplier82.com,0.95,7,0.0026,2026-02-27T14:39:29.185624
SUP-0083,Supplier 83 Ltd,contact@supplier83.com,0.78,20,0.0094,2026-02-27T14:39:29.185626
SUP-0084,Supplier 84 Ltd,contact@supplier84.com,0.76,3,0.0138,2026-02-27T14:39:29.185628
SUP-0085,Supplier 85 Ltd,contact@supplier85.com,0.97,21,0.0372,2026-02-27T14:39:29.185630
SUP-0086,Supplier 86 Ltd,contact@supplier86.com,0.8,8,0.0317,2026-02-27T14:39:29.185633
SUP-0087,Supplier 87 Ltd,contact@supplier87.com,0.96,6,0.0104,2026-02-27T14:39:29.185635
SUP-0088,Supplier 88 Ltd,contact@supplier88.com,0.76,12,0.006,2026-02-27T14:39:29.185637
SUP-0089,Supplier 89 Ltd,contact@supplier89.com,0.71,20,0.0069,2026-02-27T14:39:29.185639
SUP-0090,Supplier 90 Ltd,contact@supplier90.com,0.74,6,0.0335,2026-02-27T14:39:29.185641
SUP-0091,Supplier 91 Ltd,contact@supplier91.com,0.82,7,0.038,2026-02-27T14:39:29.185643
SUP-0092,Supplier 92 Ltd,contact@supplier92.com,0.78,6,0.0498,2026-02-27T14:39:29.185645
SUP-0093,Supplier 93 Ltd,contact@supplier93.com,0.85,12,0.0478,2026-02-27T14:39:29.185647
SUP-0094,Supplier 94 Ltd,contact@supplier94.com,0.72,10,0.0438,2026-02-27T14:39:29.185649
SUP-0095,Supplier 95 Ltd,contact@supplier95.com,0.93,19,0.0478,2026-02-27T14:39:29.185651
SUP-0096,Supplier 96 Ltd,contact@supplier96.com,0.71,12,0.0255,2026-02-27T14:39:29.185654
SUP-0097,Supplier 97 Ltd,contact@supplier97.com,0.74,7,0.0467,2026-02-27T14:39:29.185656
SUP-0098,Supplier 98 Ltd,contact@supplier98.com,0.92,13,0.0017,2026-02-27T14:39:29.185658
SUP-0099,Supplier 99 Ltd,contact@supplier99.com,0.82,8,0.015,2026-02-27T14:39:29.185660
SUP-0100,Supplier 100 Ltd,contact@supplier100.com,0.77,20,0.0286,2026-02-27T14:39:29.185663
SUP-0101,Supplier 101 Ltd,contact@supplier101.com,0.88,7,0.0238,2026-02-27T14:39:29.185665
SUP-0102,Supplier 102 Ltd,contact@supplier102.com,0.93,18,0.0468,2026-02-27T14:39:29.185667
SUP-0103,Supplier 103 Ltd,contact@supplier103.com,0.8,10,0.0363,2026-02-27T14:39:29.185669
SUP-0104,Supplier 104 Ltd,contact@supplier104.com,0.82,13,0.0288,2026-02-27T14:39:29.185671
SUP-0105,Supplier 105 Ltd,contact@supplier105.com,0.86,18,0.0494,2026-02-27T14:39:29.185673
SUP-0106,Supplier 106 Ltd,contact@supplier106.com,0.83,10,0.0162,2026-02-27T14:39:29.185675
SUP-0107,Supplier 107 Ltd,contact@supplier107.com,0.83,17,0.0011,2026-02-27T14:39:29.185677
SUP-0108,Supplier 108 Ltd,contact@supplier108.com,0.78,15,0.0338,2026-02-27T14:39:29.185679
SUP-0109,Supplier 109 Ltd,contact@supplier109.com,0.92,13,0.0278,2026-02-27T14:39:29.185681
SUP-0110,Supplier 110 Ltd,contact@supplier110.com,0.96,11,0.0114,2026-02-27T14:39:29.185683
SUP-0111,Supplier 111 Ltd,contact@supplier111.com,0.93,18,0.0082,2026-02-27T14:39:29.185686
SUP-0112,Supplier 112 Ltd,contact@supplier112.com,0.99,4,0.0283,2026-02-27T14:39:29.185688
SUP-0113,Supplier 113 Ltd,contact@supplier113.com,0.99,14,0.0107,2026-02-27T14:39:29.185690
SUP-0114,Supplier 114 Ltd,contact@supplier114.com,0.85,16,0.0067,2026-02-27T14:39:29.185693
SUP-0115,Supplier 115 Ltd,contact@supplier115.com,0.96,13,0.0435,2026-02-27T14:39:29.185695
SUP-0116,Supplier 116 Ltd,contact@supplier116.com,0.84,9,0.0183,2026-02-27T14:39:29.185697
SUP-0117,Supplier 117 Ltd,contact@supplier117.com,0.84,11,0.0477,2026-02-27T14:39:29.185700
SUP-0118,Supplier 118 Ltd,contact@supplier118.com,0.96,4,0.0082,2026-02-27T14:39:29.185702
SUP-0119,Supplier 119 Ltd,contact@supplier119.com,0.84,13,0.0481,2026-02-27T14:39:29.185705
SUP-0120,Supplier 120 Ltd,contact@supplier120.com,0.74,15,0.007,2026-02-27T14:39:29.185707
SUP-0121,Supplier 121 Ltd,contact@supplier121.com,0.88,3,0.0368,2026-02-27T14:39:29.185709
SUP-0122,Supplier 122 Ltd,contact@supplier122.com,0.88,9,0.0224,2026-02-27T14:39:29.185711
SUP-0123,Supplier 123 Ltd,contact@supplier123.com,0.88,8,0.0365,2026-02-27T14:39:29.185713
SUP-0124,Supplier 124 Ltd,contact@supplier124.com,0.91,16,0.0054,2026-02-27T14:39:29.185715
SUP-0125,Supplier 125 Ltd,contact@supplier125.com,0.75,16,0.0027,2026-02-27T14:39:29.185717
SUP-0126,Supplier 126 Ltd,contact@supplier126.com,0.94,21,0.0438,2026-02-27T14:39:29.185720
SUP-0127,Supplier 127 Ltd,contact@supplier127.com,0.7,6,0.0391,2026-02-27T14:39:29.185722
SUP-0128,Supplier 128 Ltd,contact@supplier128.com,0.78,4,0.048,2026-02-27T14:39:29.185724
SUP-0129,Supplier 129 Ltd,contact@supplier129.com,0.85,10,0.0428,2026-02-27T14:39:29.185727
SUP-0130,Supplier 130 Ltd,contact@supplier130.com,0.71,19,0.0346,2026-02-27T14:39:29.185729
SUP-0131,Supplier 131 Ltd,contact@supplier131.com,0.75,15,0.0176,2026-02-27T14:39:29.185731
SUP-0132,Supplier 132 Ltd,contact@supplier132.com,0.94,19,0.0086,2026-02-27T14:39:29.185733
SUP-0133,Supplier 133 Ltd,contact@supplier133.com,0.73,17,0.0128,2026-02-27T14:39:29.185735
SUP-0134,Supplier 134 Ltd,contact@supplier134.com,0.97,18,0.0431,2026-02-27T14:39:29.185737
SUP-0135,Supplier 135 Ltd,contact@supplier135.com,0.76,3,0.0398,2026-02-27T14:39:29.185739
SUP-0136,Supplier 136 Ltd,contact@supplier136.com,0.91,3,0.0071,2026-02-27T14:39:29.185742
SUP-0137,Supplier 137 Ltd,contact@supplier137.com,0.85,15,0.006,2026-02-27T14:39:29.185744
SUP-0138,Supplier 138 Ltd,contact@supplier138.com,0.96,6,0.0214,2026-02-27T14:39:29.185746
SUP-0139,Supplier 139 Ltd,contact@supplier139.com,0.84,4,0.0407,2026-02-27T14:39:29.185748
SUP-0140,Supplier 140 Ltd,contact@supplier140.com,0.81,21,0.0323,2026-02-27T14:39:29.185750
SUP-0141,Supplier 141 Ltd,contact@supplier141.com,0.84,16,0.0276,2026-02-27T14:39:29.185752
SUP-0142,Supplier 142 Ltd,contact@supplier142.com,0.77,12,0.0025,2026-02-27T14:39:29.185755
SUP-0143,Supplier 143 Ltd,contact@supplier143.com,0.81,17,0.0118,2026-02-27T14:39:29.185757
SUP-0144,Supplier 144 Ltd,contact@supplier144.com,0.87,15,0.0336,2026-02-27T14:39:29.185759
SUP-0145,Supplier 145 Ltd,contact@supplier145.com,0.77,21,0.0318,2026-02-27T14:39:29.185761
SUP-0146,Supplier 146 Ltd,contact@supplier146.com,0.96,19,0.0405,2026-02-27T14:39:29.185763
SUP-0147,Supplier 147 Ltd,contact@supplier147.com,0.81,11,0.0446,2026-02-27T14:39:29.185765
SUP-0148,Supplier 148 Ltd,contact@supplier148.com,0.74,6,0.0248,2026-02-27T14:39:29.185767
SUP-0149,Supplier 149 Ltd,contact@supplier149.com,0.88,3,0.042,2026-02-27T14:39:29.185769
SUP-0150,Supplier 150 Ltd,contact@supplier150.com,0.98,16,0.0098,2026-02-27T14:39:29.185772
SUP-0151,Supplier 151 Ltd,contact@supplier151.com,0.77,15,0.0234,2026-02-27T14:39:29.185774
SUP-0152,Supplier 152 Ltd,contact@supplier152.com,0.95,18,0.0476,2026-02-27T14:39:29.185776
SUP-0153,Supplier 153 Ltd,contact@supplier153.com,0.74,20,0.0356,2026-02-27T14:39:29.185778
SUP-0154,Supplier 154 Ltd,contact@supplier154.com,0.96,20,0.0164,2026-02-27T14:39:29.185780
SUP-0155,Supplier 155 Ltd,contact@supplier155.com,0.72,5,0.0473,2026-02-27T14:39:29.185782
SUP-0156,Supplier 156 Ltd,contact@supplier156.com,0.94,8,0.0497,2026-02-27T14:39:29.185784
SUP-0157,Supplier 157 Ltd,contact@supplier157.com,0.72,20,0.0453,2026-02-27T14:39:29.185786
SUP-0158,Supplier 158 Ltd,contact@supplier158.com,0.76,10,0.0103,2026-02-27T14:39:29.185788
SUP-0159,Supplier 159 Ltd,contact@supplier159.com,0.73,6,0.0173,2026-02-27T14:39:29.185790
SUP-0160,Supplier 160 Ltd,contact@supplier160.com,0.92,11,0.0477,2026-02-27T14:39:29.185792
SUP-0161,Supplier 161 Ltd,contact@supplier161.com,0.72,15,0.0147,2026-02-27T14:39:29.185794
SUP-0162,Supplier 162 Ltd,contact@supplier162.com,0.83,15,0.0215,2026-02-27T14:39:29.185796
SUP-0163,Supplier 163 Ltd,contact@supplier163.com,0.84,9,0.047,2026-02-27T14:39:29.185798
SUP-0164,Supplier 164 Ltd,contact@supplier164.com,0.72,4,0.0258,2026-02-27T14:39:29.185800
SUP-0165,Supplier 165 Ltd,contact@supplier165.com,0.72,13,0.0476,2026-02-27T14:39:29.185803
SUP-0166,Supplier 166 Ltd,contact@supplier166.com,0.91,18,0.0271,2026-02-27T14:39:29.185805
SUP-0167,Supplier 167 Ltd,contact@supplier167.com,0.87,12,0.021,2026-02-27T14:39:29.185807
SUP-0168,Supplier 168 Ltd,contact@supplier168.com,0.74,18,0.0336,2026-02-27T14:39:29.185809
SUP-0169,Supplier 169 Ltd,contact@supplier169.com,0.74,8,0.0121,2026-02-27T14:39:29.185811
SUP-0170,Supplier 170 Ltd,contact@supplier170.com,0.73,12,0.0497,2026-02-27T14:39:29.185814
SUP-0171,Supplier 171 Ltd,contact@supplier171.com,0.78,21,0.0145,2026-02-27T14:39:29.185816
SUP-0172,Supplier 172 Ltd,contact@supplier172.com,0.95,17,0.0011,2026-02-27T14:39:29.185818
SUP-0173,Supplier 173 Ltd,contact@supplier173.com,0.91,14,0.0089,2026-02-27T14:39:29.185821
SUP-0174,Supplier 174 Ltd,contact@supplier174.com,0.87,17,0.0409,2026-02-27T14:39:29.185823
SUP-0175,Supplier 175 Ltd,contact@supplier175.com,0.82,8,0.0262,2026-02-27T14:39:29.185825
SUP-0176,Supplier 176 Ltd,contact@supplier176.com,0.94,8,0.0118,2026-02-27T14:39:29.185827
SUP-0177,Supplier 177 Ltd,contact@supplier177.com,0.85,9,0.0457,2026-02-27T14:39:29.185829
SUP-0178,Supplier 178 Ltd,contact@supplier178.com,0.82,13,0.0033,2026-02-27T14:39:29.185831
SUP-0179,Supplier 179 Ltd,contact@supplier179.com,0.74,7,0.0375,2026-02-27T14:39:29.185833
SUP-0180,Supplier 180 Ltd,contact@supplier180.com,0.99,14,0.0255,2026-02-27T14:39:29.185835
SUP-0181,Supplier 181 Ltd,contact@supplier181.com,0.97,17,0.0173,2026-02-27T14:39:29.185838
SUP-0182,Supplier 182 Ltd,contact@supplier182.com,0.85,3,0.0055,2026-02-27T14:39:29.185840
SUP-0183,Supplier 183 Ltd,contact@supplier183.com,0.91,19,0.0469,2026-02-27T14:39:29.185842
SUP-0184,Supplier 184 Ltd,contact@supplier184.com,0.83,3,0.0469,2026-02-27T14:39:29.185844
SUP-0185,Supplier 185 Ltd,contact@supplier185.com,0.82,16,0.0211,2026-02-27T14:39:29.185846
SUP-0186,Supplier 186 Ltd,contact@supplier186.com,0.78,9,0.0037,2026-02-27T14:39:29.185848
SUP-0187,Supplier 187 Ltd,contact@supplier187.com,0.91,14,0.0231,2026-02-27T14:39:29.185850
SUP-0188,Supplier 188 Ltd,contact@supplier188.com,0.77,3,0.0046,2026-02-27T14:39:29.185852
SUP-0189,Supplier 189 Ltd,contact@supplier189.com,0.75,3,0.031,2026-02-27T14:39:29.185854
SUP-0190,Supplier 190 Ltd,contact@supplier190.com,0.93,4,0.0449,2026-02-27T14:39:29.185856
SUP-0191,Supplier 191 Ltd,contact@supplier191.com,0.85,11,0.012,2026-02-27T14:39:29.185858
SUP-0192,Supplier 192 Ltd,contact@supplier192.com,0.74,14,0.0293,2026-02-27T14:39:29.185860
SUP-0193,Supplier 193 Ltd,contact@supplier193.com,0.71,8,0.0013,2026-02-27T14:39:29.185863
SUP-0194,Supplier 194 Ltd,contact@supplier194.com,0.88,4,0.0384,2026-02-27T14:39:29.185865
SUP-0195,Supplier 195 Ltd,contact@supplier195.com,0.76,14,0.0392,2026-02-27T14:39:29.185867
SUP-0196,Supplier 196 Ltd,contact@supplier196.com,0.79,19,0.0376,2026-02-27T14:39:29.185869
SUP-0197,Supplier 197 Ltd,contact@supplier197.com,0.8,5,0.0417,2026-02-27T14:39:29.185871
SUP-0198,Supplier 198 Ltd,contact@supplier198.com,0.75,20,0.042,2026-02-27T14:39:29.185873
SUP-0199,Supplier 199 Ltd,contact@supplier199.com,0.9,8,0.0277,2026-02-27T14:39:29.185875
SUP-0200,Supplier 200 Ltd,contact@supplier200.com,0.87,17,0.0417,2026-02-27T14:39:29.185877
SUP-0201,Supplier 201 Ltd,contact@supplier201.com,0.75,16,0.0258,2026-02-27T14:39:29.185880
SUP-0202,Supplier 202 Ltd,contact@supplier202.com,0.94,5,0.0204,2026-02-27T14:39:29.185882
SUP-0203,Supplier 203 Ltd,contact@supplier203.com,0.94,12,0.0193,2026-02-27T14:39:29.185884
SUP-0204,Supplier 204 Ltd,contact@supplier204.com,0.76,19,0.045,2026-02-27T14:39:29.185886
SUP-0205,Supplier 205 Ltd,contact@supplier205.com,0.72,9,0.0105,2026-02-27T14:39:29.185888
SUP-0206,Supplier 206 Ltd,contact@supplier206.com,0.84,10,0.0441,2026-02-27T14:39:29.185890
SUP-0207,Supplier 207 Ltd,contact@supplier207.com,0.89,21,0.0498,2026-02-27T14:39:29.185892
SUP-0208,Supplier 208 Ltd,contact@supplier208.com,0.75,8,0.031,2026-02-27T14:39:29.185894
SUP-0209,Supplier 209 Ltd,contact@supplier209.com,0.97,9,0.0452,2026-02-27T14:39:29.185896
SUP-0210,Supplier 210 Ltd,contact@supplier210.com,0.88,9,0.0367,2026-02-27T14:39:29.185898
SUP-0211,Supplier 211 Ltd,contact@supplier211.com,0.76,19,0.041,2026-02-27T14:39:29.185901
SUP-0212,Supplier 212 Ltd,contact@supplier212.com,0.89,12,0.0397,2026-02-27T14:39:29.185903
SUP-0213,Supplier 213 Ltd,contact@supplier213.com,0.94,16,0.0349,2026-02-27T14:39:29.185905
SUP-0214,Supplier 214 Ltd,contact@supplier214.com,0.7,12,0.0192,2026-02-27T14:39:29.185907
SUP-0215,Supplier 215 Ltd,contact@supplier215.com,0.84,13,0.0262,2026-02-27T14:39:29.185909
SUP-0216,Supplier 216 Ltd,contact@supplier216.com,0.81,20,0.0251,2026-02-27T14:39:29.185911
SUP-0217,Supplier 217 Ltd,contact@supplier217.com,0.81,21,0.0313,2026-02-27T14:39:29.185913
SUP-0218,Supplier 218 Ltd,contact@supplier218.com,0.81,3,0.0459,2026-02-27T14:39:29.185915
SUP-0219,Supplier 219 Ltd,contact@supplier219.com,0.98,4,0.0439,2026-02-27T14:39:29.185917
SUP-0220,Supplier 220 Ltd,contact@supplier220.com,0.91,14,0.0356,2026-02-27T14:39:29.185919
SUP-0221,Supplier 221 Ltd,contact@supplier221.com,0.71,17,0.0126,2026-02-27T14:39:29.185921
SUP-0222,Supplier 222 Ltd,contact@supplier222.com,0.84,16,0.0104,2026-02-27T14:39:29.185923
SUP-0223,Supplier 223 Ltd,contact@supplier223.com,0.77,15,0.0276,2026-02-27T14:39:29.185926
SUP-0224,Supplier 224 Ltd,contact@supplier224.com,0.81,18,0.0292,2026-02-27T14:39:29.185928
SUP-0225,Supplier 225 Ltd,contact@supplier225.com,0.79,16,0.02,2026-02-27T14:39:29.185930
SUP-0226,Supplier 226 Ltd,contact@supplier226.com,0.94,16,0.0232,2026-02-27T14:39:29.185932
SUP-0227,Supplier 227 Ltd,contact@supplier227.com,0.84,15,0.0138,2026-02-27T14:39:29.185934
SUP-0228,Supplier 228 Ltd,contact@supplier228.com,0.87,8,0.047,2026-02-27T14:39:29.185937
SUP-0229,Supplier 229 Ltd,contact@supplier229.com,0.81,9,0.0145,2026-02-27T14:39:29.185939
SUP-0230,Supplier 230 Ltd,contact@supplier230.com,0.94,5,0.0224,2026-02-27T14:39:29.185941
SUP-0231,Supplier 231 Ltd,contact@supplier231.com,0.81,16,0.0065,2026-02-27T14:39:29.185943
SUP-0232,Supplier 232 Ltd,contact@supplier232.com,0.91,9,0.0111,2026-02-27T14:39:29.185945
SUP-0233,Supplier 233 Ltd,contact@supplier233.com,0.72,7,0.0206,2026-02-27T14:39:29.185948
SUP-0234,Supplier 234 Ltd,contact@supplier234.com,0.95,21,0.0022,2026-02-27T14:39:29.185950
SUP-0235,Supplier 235 Ltd,contact@supplier235.com,0.84,8,0.0453,2026-02-27T14:39:29.185952
SUP-0236,Supplier 236 Ltd,contact@supplier236.com,0.89,19,0.0409,2026-02-27T14:39:29.185954
SUP-0237,Supplier 237 Ltd,contact@supplier237.com,0.75,8,0.0068,2026-02-27T14:39:29.185956
SUP-0238,Supplier 238 Ltd,contact@supplier238.com,0.94,20,0.0496,2026-02-27T14:39:29.185958
SUP-0239,Supplier 239 Ltd,contact@supplier239.com,0.88,15,0.0096,2026-02-27T14:39:29.185960
SUP-0240,Supplier 240 Ltd,contact@supplier240.com,0.71,3,0.0331,2026-02-27T14:39:29.185962
SUP-0241,Supplier 241 Ltd,contact@supplier241.com,0.78,13,0.0112,2026-02-27T14:39:29.185964
SUP-0242,Supplier 242 Ltd,contact@supplier242.com,0.87,8,0.0268,2026-02-27T14:39:29.185966
SUP-0243,Supplier 243 Ltd,contact@supplier243.com,0.88,21,0.0471,2026-02-27T14:39:29.185968
SUP-0244,Supplier 244 Ltd,contact@supplier244.com,0.73,14,0.0493,2026-02-27T14:39:29.185970
SUP-0245,Supplier 245 Ltd,contact@supplier245.com,0.76,12,0.0412,2026-02-27T14:39:29.185972
SUP-0246,Supplier 246 Ltd,contact@supplier246.com,0.73,14,0.0352,2026-02-27T14:39:29.185974
SUP-0247,Supplier 247 Ltd,contact@supplier247.com,0.74,8,0.0429,2026-02-27T14:39:29.185976
SUP-0248,Supplier 248 Ltd,contact@supplier248.com,0.76,18,0.0393,2026-02-27T14:39:29.185978
SUP-0249,Supplier 249 Ltd,contact@supplier249.com,0.81,21,0.0145,2026-02-27T14:39:29.185980
SUP-0250,Supplier 250 Ltd,contact@supplier250.com,0.8,5,0.0052,2026-02-27T14:39:29.185982
SUP-0251,Supplier 251 Ltd,contact@supplier251.com,0.8,17,0.032,2026-02-27T14:39:29.185984
SUP-0252,Supplier 252 Ltd,contact@supplier252.com,0.86,17,0.0201,2026-02-27T14:39:29.185986
SUP-0253,Supplier 253 Ltd,contact@supplier253.com,0.98,7,0.0368,2026-02-27T14:39:29.185988
SUP-0254,Supplier 254 Ltd,contact@supplier254.com,0.88,12,0.0406,2026-02-27T14:39:29.185991
SUP-0255,Supplier 255 Ltd,contact@supplier255.com,0.8,16,0.0023,2026-02-27T14:39:29.186063
SUP-0256,Supplier 256 Ltd,contact@supplier256.com,0.71,21,0.0106,2026-02-27T14:39:29.186076
SUP-0257,Supplier 257 Ltd,contact@supplier257.com,0.84,11,0.0329,2026-02-27T14:39:29.186080
SUP-0258,Supplier 258 Ltd,contact@supplier258.com,0.97,20,0.0058,2026-02-27T14:39:29.186084
SUP-0259,Supplier 259 Ltd,contact@supplier259.com,0.79,17,0.0025,2026-02-27T14:39:29.186088
SUP-0260,Supplier 260 Ltd,contact@supplier260.com,0.96,8,0.0132,2026-02-27T14:39:29.186092
SUP-0261,Supplier 261 Ltd,contact@supplier261.com,0.76,14,0.0246,2026-02-27T14:39:29.186095
SUP-0262,Supplier 262 Ltd,contact@supplier262.com,0.76,4,0.0121,2026-02-27T14:39:29.186099
SUP-0263,Supplier 263 Ltd,contact@supplier263.com,0.94,20,0.0451,2026-02-27T14:39:29.186102
SUP-0264,Supplier 264 Ltd,contact@supplier264.com,0.88,15,0.0362,2026-02-27T14:39:29.186106
SUP-0265,Supplier 265 Ltd,contact@supplier265.com,0.71,13,0.011,2026-02-27T14:39:29.186109
SUP-0266,Supplier 266 Ltd,contact@supplier266.com,0.72,20,0.0478,2026-02-27T14:39:29.186113
SUP-0267,Supplier 267 Ltd,contact@supplier267.com,0.75,5,0.0288,2026-02-27T14:39:29.186116
SUP-0268,Supplier 268 Ltd,contact@supplier268.com,0.75,6,0.0368,2026-02-27T14:39:29.186142
SUP-0269,Supplier 269 Ltd,contact@supplier269.com,0.78,10,0.0084,2026-02-27T14:39:29.186148
SUP-0270,Supplier 270 Ltd,contact@supplier270.com,0.76,17,0.0049,2026-02-27T14:39:29.186151
SUP-0271,Supplier 271 Ltd,contact@supplier271.com,0.76,5,0.029,2026-02-27T14:39:29.186153
SUP-0272,Supplier 272 Ltd,contact@supplier272.com,0.87,13,0.0051,2026-02-27T14:39:29.186155
SUP-0273,Supplier 273 Ltd,contact@supplier273.com,0.7,14,0.0091,2026-02-27T14:39:29.186158
SUP-0274,Supplier 274 Ltd,contact@supplier274.com,0.74,11,0.027,2026-02-27T14:39:29.186160
SUP-0275,Supplier 275 Ltd,contact@supplier275.com,0.9,7,0.0278,2026-02-27T14:39:29.186162
SUP-0276,Supplier 276 Ltd,contact@supplier276.com,0.75,6,0.0351,2026-02-27T14:39:29.186164
SUP-0277,Supplier 277 Ltd,contact@supplier277.com,0.98,15,0.0279,2026-02-27T14:39:29.186166
SUP-0278,Supplier 278 Ltd,contact@supplier278.com,0.9,10,0.0103,2026-02-27T14:39:29.186169
SUP-0279,Supplier 279 Ltd,contact@supplier279.com,0.9,20,0.0324,2026-02-27T14:39:29.186170
SUP-0280,Supplier 280 Ltd,contact@supplier280.com,0.76,9,0.0401,2026-02-27T14:39:29.186172
SUP-0281,Supplier 281 Ltd,contact@supplier281.com,0.95,19,0.0355,2026-02-27T14:39:29.186174
SUP-0282,Supplier 282 Ltd,contact@supplier282.com,0.74,13,0.0013,2026-02-27T14:39:29.186176
SUP-0283,Supplier 283 Ltd,contact@supplier283.com,0.84,11,0.0178,2026-02-27T14:39:29.186179
SUP-0284,Supplier 284 Ltd,contact@supplier284.com,0.81,16,0.0402,2026-02-27T14:39:29.186180
SUP-0285,Supplier 285 Ltd,contact@supplier285.com,0.74,9,0.0258,2026-02-27T14:39:29.186182
SUP-0286,Supplier 286 Ltd,contact@supplier286.com,0.78,9,0.0344,2026-02-27T14:39:29.186185
SUP-0287,Supplier 287 Ltd,contact@supplier287.com,0.71,4,0.0146,2026-02-27T14:39:29.186186
SUP-0288,Supplier 288 Ltd,contact@supplier288.com,0.93,8,0.0088,2026-02-27T14:39:29.186189
SUP-0289,Supplier 289 Ltd,contact@supplier289.com,0.74,15,0.038,2026-02-27T14:39:29.186191
SUP-0290,Supplier 290 Ltd,contact@supplier290.com,0.72,18,0.0288,2026-02-27T14:39:29.186193
SUP-0291,Supplier 291 Ltd,contact@supplier291.com,0.77,12,0.0396,2026-02-27T14:39:29.186195
SUP-0292,Supplier 292 Ltd,contact@supplier292.com,0.81,5,0.0078,2026-02-27T14:39:29.186197
SUP-0293,Supplier 293 Ltd,contact@supplier293.com,0.98,8,0.0109,2026-02-27T14:39:29.186199
SUP-0294,Supplier 294 Ltd,contact@supplier294.com,0.73,14,0.0329,2026-02-27T14:39:29.186201
SUP-0295,Supplier 295 Ltd,contact@supplier295.com,0.88,3,0.0457,2026-02-27T14:39:29.186203
SUP-0296,Supplier 296 Ltd,contact@supplier296.com,0.71,18,0.0066,2026-02-27T14:39:29.186204
SUP-0297,Supplier 297 Ltd,contact@supplier297.com,0.79,6,0.0311,2026-02-27T14:39:29.186206
SUP-0298,Supplier 298 Ltd,contact@supplier298.com,0.88,3,0.0254,2026-02-27T14:39:29.186208
SUP-0299,Supplier 299 Ltd,contact@supplier299.com,0.84,6,0.0215,2026-02-27T14:39:29.186210
SUP-0300,Supplier 300 Ltd,contact@supplier300.com,0.8,6,0.0015,2026-02-27T14:39:29.186213
SUP-0301,Supplier 301 Ltd,contact@supplier301.com,0.85,8,0.0407,2026-02-27T14:39:29.186214
SUP-0302,Supplier 302 Ltd,contact@supplier302.com,0.87,3,0.0263,2026-02-27T14:39:29.186216
SUP-0303,Supplier 303 Ltd,contact@supplier303.com,0.81,17,0.0161,2026-02-27T14:39:29.186218
SUP-0304,Supplier 304 Ltd,contact@supplier304.com,0.79,3,0.0276,2026-02-27T14:39:29.186220
SUP-0305,Supplier 305 Ltd,contact@supplier305.com,0.86,8,0.0475,2026-02-27T14:39:29.186222
SUP-0306,Supplier 306 Ltd,contact@supplier306.com,0.78,15,0.0178,2026-02-27T14:39:29.186224
SUP-0307,Supplier 307 Ltd,contact@supplier307.com,0.82,14,0.0448,2026-02-27T14:39:29.186226
SUP-0308,Supplier 308 Ltd,contact@supplier308.com,0.88,14,0.0056,2026-02-27T14:39:29.186228
SUP-0309,Supplier 309 Ltd,contact@supplier309.com,0.78,16,0.0436,2026-02-27T14:39:29.186231
SUP-0310,Supplier 310 Ltd,contact@supplier310.com,0.98,14,0.027,2026-02-27T14:39:29.186233
SUP-0311,Supplier 311 Ltd,contact@supplier311.com,0.85,21,0.0243,2026-02-27T14:39:29.186235
SUP-0312,Supplier 312 Ltd,contact@supplier312.com,0.88,10,0.0059,2026-02-27T14:39:29.186237
SUP-0313,Supplier 313 Ltd,contact@supplier313.com,0.8,3,0.0308,2026-02-27T14:39:29.186239
SUP-0314,Supplier 314 Ltd,contact@supplier314.com,0.93,17,0.0154,2026-02-27T14:39:29.186241
SUP-0315,Supplier 315 Ltd,contact@supplier315.com,0.93,7,0.0333,2026-02-27T14:39:29.186243
SUP-0316,Supplier 316 Ltd,contact@supplier316.com,0.99,5,0.019,2026-02-27T14:39:29.186245
SUP-0317,Supplier 317 Ltd,contact@supplier317.com,0.71,9,0.0386,2026-02-27T14:39:29.186247
SUP-0318,Supplier 318 Ltd,contact@supplier318.com,0.75,20,0.0271,2026-02-27T14:39:29.186249
SUP-0319,Supplier 319 Ltd,contact@supplier319.com,0.72,17,0.0456,2026-02-27T14:39:29.186251
SUP-0320,Supplier 320 Ltd,contact@supplier320.com,0.96,3,0.0443,2026-02-27T14:39:29.186253
SUP-0321,Supplier 321 Ltd,contact@supplier321.com,0.98,6,0.0429,2026-02-27T14:39:29.186255
SUP-0322,Supplier 322 Ltd,contact@supplier322.com,0.97,4,0.0122,2026-02-27T14:39:29.186257
SUP-0323,Supplier 323 Ltd,contact@supplier323.com,0.75,15,0.021,2026-02-27T14:39:29.186259
SUP-0324,Supplier 324 Ltd,contact@supplier324.com,0.78,16,0.0406,2026-02-27T14:39:29.186261
SUP-0325,Supplier 325 Ltd,contact@supplier325.com,0.77,5,0.0327,2026-02-27T14:39:29.186263
SUP-0326,Supplier 326 Ltd,contact@supplier326.com,0.75,6,0.0495,2026-02-27T14:39:29.186265
SUP-0327,Supplier 327 Ltd,contact@supplier327.com,0.72,16,0.0013,2026-02-27T14:39:29.186267
SUP-0328,Supplier 328 Ltd,contact@supplier328.com,0.86,17,0.0168,2026-02-27T14:39:29.186269
SUP-0329,Supplier 329 Ltd,contact@supplier329.com,0.82,4,0.0018,2026-02-27T14:39:29.186271
SUP-0330,Supplier 330 Ltd,contact@supplier330.com,0.83,9,0.0086,2026-02-27T14:39:29.186273
SUP-0331,Supplier 331 Ltd,contact@supplier331.com,0.98,6,0.0418,2026-02-27T14:39:29.186275
SUP-0332,Supplier 332 Ltd,contact@supplier332.com,0.89,10,0.0077,2026-02-27T14:39:29.186277
SUP-0333,Supplier 333 Ltd,contact@supplier333.com,0.85,12,0.0154,2026-02-27T14:39:29.186279
SUP-0334,Supplier 334 Ltd,contact@supplier334.com,0.88,4,0.0056,2026-02-27T14:39:29.186281
SUP-0335,Supplier 335 Ltd,contact@supplier335.com,0.9,7,0.0124,2026-02-27T14:39:29.186283
SUP-0336,Supplier 336 Ltd,contact@supplier336.com,0.76,21,0.0181,2026-02-27T14:39:29.186285
SUP-0337,Supplier 337 Ltd,contact@supplier337.com,0.72,18,0.0173,2026-02-27T14:39:29.186287
SUP-0338,Supplier 338 Ltd,contact@supplier338.com,0.76,11,0.0384,2026-02-27T14:39:29.186289
SUP-0339,Supplier 339 Ltd,contact@supplier339.com,0.78,19,0.0414,2026-02-27T14:39:29.186291
SUP-0340,Supplier 340 Ltd,contact@supplier340.com,0.87,20,0.046,2026-02-27T14:39:29.186293
SUP-0341,Supplier 341 Ltd,contact@supplier341.com,0.73,14,0.0336,2026-02-27T14:39:29.186295
SUP-0342,Supplier 342 Ltd,contact@supplier342.com,0.8,10,0.0289,2026-02-27T14:39:29.186296
SUP-0343,Supplier 343 Ltd,contact@supplier343.com,0.76,16,0.0236,2026-02-27T14:39:29.186298
SUP-0344,Supplier 344 Ltd,contact@supplier344.com,0.74,21,0.0345,2026-02-27T14:39:29.186300
SUP-0345,Supplier 345 Ltd,contact@supplier345.com,0.87,5,0.0194,2026-02-27T14:39:29.186302
SUP-0346,Supplier 346 Ltd,contact@supplier346.com,0.89,7,0.017,2026-02-27T14:39:29.186305
SUP-0347,Supplier 347 Ltd,contact@supplier347.com,0.84,4,0.0086,2026-02-27T14:39:29.186306
SUP-0348,Supplier 348 Ltd,contact@supplier348.com,0.99,15,0.0155,2026-02-27T14:39:29.186309
SUP-0349,Supplier 349 Ltd,contact@supplier349.com,0.9,18,0.0011,2026-02-27T14:39:29.186311
SUP-0350,Supplier 350 Ltd,contact@supplier350.com,0.87,7,0.0019,2026-02-27T14:39:29.186312
SUP-0351,Supplier 351 Ltd,contact@supplier351.com,0.93,19,0.0141,2026-02-27T14:39:29.186314
SUP-0352,Supplier 352 Ltd,contact@supplier352.com,0.9,9,0.0279,2026-02-27T14:39:29.186317
SUP-0353,Supplier 353 Ltd,contact@supplier353.com,0.8,14,0.0221,2026-02-27T14:39:29.186319
SUP-0354,Supplier 354 Ltd,contact@supplier354.com,0.7,16,0.0204,2026-02-27T14:39:29.186321
SUP-0355,Supplier 355 Ltd,contact@supplier355.com,0.71,11,0.0244,2026-02-27T14:39:29.186324
SUP-0356,Supplier 356 Ltd,contact@supplier356.com,0.83,4,0.0488,2026-02-27T14:39:29.186326
SUP-0357,Supplier 357 Ltd,contact@supplier357.com,0.84,10,0.0388,2026-02-27T14:39:29.186328
SUP-0358,Supplier 358 Ltd,contact@supplier358.com,0.75,13,0.0173,2026-02-27T14:39:29.186329
SUP-0359,Supplier 359 Ltd,contact@supplier359.com,0.95,17,0.0054,2026-02-27T14:39:29.186331
SUP-0360,Supplier 360 Ltd,contact@supplier360.com,0.72,14,0.0031,2026-02-27T14:39:29.186333
SUP-0361,Supplier 361 Ltd,contact@supplier361.com,0.9,10,0.0489,2026-02-27T14:39:29.186335
SUP-0362,Supplier 362 Ltd,contact@supplier362.com,0.78,4,0.0172,2026-02-27T14:39:29.186337
SUP-0363,Supplier 363 Ltd,contact@supplier363.com,0.8,7,0.0439,2026-02-27T14:39:29.186339
SUP-0364,Supplier 364 Ltd,contact@supplier364.com,0.79,18,0.0444,2026-02-27T14:39:29.186341
SUP-0365,Supplier 365 Ltd,contact@supplier365.com,0.82,9,0.0458,2026-02-27T14:39:29.186343
SUP-0366,Supplier 366 Ltd,contact@supplier366.com,0.89,7,0.0177,2026-02-27T14:39:29.186345
SUP-0367,Supplier 367 Ltd,contact@supplier367.com,0.73,12,0.0042,2026-02-27T14:39:29.186347
SUP-0368,Supplier 368 Ltd,contact@supplier368.com,0.98,15,0.025,2026-02-27T14:39:29.186349
SUP-0369,Supplier 369 Ltd,contact@supplier369.com,0.76,12,0.0481,2026-02-27T14:39:29.186351
SUP-0370,Supplier 370 Ltd,contact@supplier370.com,0.72,4,0.0026,2026-02-27T14:39:29.186353
SUP-0371,Supplier 371 Ltd,contact@supplier371.com,0.9,3,0.0426,2026-02-27T14:39:29.186355
SUP-0372,Supplier 372 Ltd,contact@supplier372.com,0.81,12,0.0263,2026-02-27T14:39:29.186357
SUP-0373,Supplier 373 Ltd,contact@supplier373.com,0.83,6,0.0403,2026-02-27T14:39:29.186359
SUP-0374,Supplier 374 Ltd,contact@supplier374.com,0.91,5,0.0074,2026-02-27T14:39:29.186361
SUP-0375,Supplier 375 Ltd,contact@supplier375.com,0.71,15,0.0225,2026-02-27T14:39:29.186363
SUP-0376,Supplier 376 Ltd,contact@supplier376.com,0.77,6,0.0456,2026-02-27T14:39:29.186365
SUP-0377,Supplier 377 Ltd,contact@supplier377.com,0.91,3,0.0203,2026-02-27T14:39:29.186367
SUP-0378,Supplier 378 Ltd,contact@supplier378.com,0.93,4,0.0489,2026-02-27T14:39:29.186369
SUP-0379,Supplier 379 Ltd,contact@supplier379.com,0.89,13,0.0096,2026-02-27T14:39:29.186371
SUP-0380,Supplier 380 Ltd,contact@supplier380.com,0.73,5,0.0037,2026-02-27T14:39:29.186373
SUP-0381,Supplier 381 Ltd,contact@supplier381.com,0.86,16,0.0246,2026-02-27T14:39:29.186375
SUP-0382,Supplier 382 Ltd,contact@supplier382.com,0.98,7,0.0397,2026-02-27T14:39:29.186377
SUP-0383,Supplier 383 Ltd,contact@supplier383.com,0.88,13,0.0475,2026-02-27T14:39:29.186379
SUP-0384,Supplier 384 Ltd,contact@supplier384.com,0.8,18,0.0499,2026-02-27T14:39:29.186381
SUP-0385,Supplier 385 Ltd,contact@supplier385.com,0.91,13,0.0345,2026-02-27T14:39:29.186383
SUP-0386,Supplier 386 Ltd,contact@supplier386.com,0.72,6,0.0225,2026-02-27T14:39:29.186385
SUP-0387,Supplier 387 Ltd,contact@supplier387.com,0.98,5,0.0389,2026-02-27T14:39:29.186387
SUP-0388,Supplier 388 Ltd,contact@supplier388.com,0.75,21,0.0224,2026-02-27T14:39:29.186388
SUP-0389,Supplier 389 Ltd,contact@supplier389.com,0.95,15,0.0432,2026-02-27T14:39:29.186390
SUP-0390,Supplier 390 Ltd,contact@supplier390.com,0.71,16,0.0201,2026-02-27T14:39:29.186392
SUP-0391,Supplier 391 Ltd,contact@supplier391.com,0.92,16,0.0241,2026-02-27T14:39:29.186394
SUP-0392,Supplier 392 Ltd,contact@supplier392.com,0.84,8,0.0395,2026-02-27T14:39:29.186397
SUP-0393,Supplier 393 Ltd,contact@supplier393.com,0.96,11,0.0144,2026-02-27T14:39:29.186399
SUP-0394,Supplier 394 Ltd,contact@supplier394.com,0.71,12,0.0397,2026-02-27T14:39:29.186400
SUP-0395,Supplier 395 Ltd,contact@supplier395.com,0.76,21,0.0196,2026-02-27T14:39:29.186402
SUP-0396,Supplier 396 Ltd,contact@supplier396.com,0.76,14,0.0094,2026-02-27T14:39:29.186404
SUP-0397,Supplier 397 Ltd,contact@supplier397.com,0.7,15,0.0104,2026-02-27T14:39:29.186406
SUP-0398,Supplier 398 Ltd,contact@supplier398.com,0.87,16,0.0191,2026-02-27T14:39:29.186408
SUP-0399,Supplier 399 Ltd,contact@supplier399.com,0.86,5,0.0484,2026-02-27T14:39:29.186410
SUP-0400,Supplier 400 Ltd,contact@supplier400.com,0.95,21,0.0075,2026-02-27T14:39:29.186412
SUP-0401,Supplier 401 Ltd,contact@supplier401.com,0.97,8,0.0491,2026-02-27T14:39:29.186415
SUP-0402,Supplier 402 Ltd,contact@supplier402.com,0.93,8,0.0448,2026-02-27T14:39:29.186416
SUP-0403,Supplier 403 Ltd,contact@supplier403.com,0.77,9,0.0183,2026-02-27T14:39:29.186418
SUP-0404,Supplier 404 Ltd,contact@supplier404.com,0.8,7,0.0356,2026-02-27T14:39:29.186420
SUP-0405,Supplier 405 Ltd,contact@supplier405.com,0.87,20,0.0047,2026-02-27T14:39:29.186422
SUP-0406,Supplier 406 Ltd,contact@supplier406.com,0.89,10,0.0123,2026-02-27T14:39:29.186424
SUP-0407,Supplier 407 Ltd,contact@supplier407.com,0.73,7,0.0151,2026-02-27T14:39:29.186426
SUP-0408,Supplier 408 Ltd,contact@supplier408.com,0.79,16,0.0207,2026-02-27T14:39:29.186428
SUP-0409,Supplier 409 Ltd,contact@supplier409.com,0.77,18,0.0158,2026-02-27T14:39:29.186430
SUP-0410,Supplier 410 Ltd,contact@supplier410.com,0.74,19,0.0259,2026-02-27T14:39:29.186432
SUP-0411,Supplier 411 Ltd,contact@supplier411.com,0.86,12,0.0419,2026-02-27T14:39:29.186434
SUP-0412,Supplier 412 Ltd,contact@supplier412.com,0.99,14,0.0109,2026-02-27T14:39:29.186436
SUP-0413,Supplier 413 Ltd,contact@supplier413.com,0.7,13,0.0326,2026-02-27T14:39:29.186438
SUP-0414,Supplier 414 Ltd,contact@supplier414.com,0.83,10,0.0464,2026-02-27T14:39:29.186440
SUP-0415,Supplier 415 Ltd,contact@supplier415.com,0.84,20,0.0121,2026-02-27T14:39:29.186442
SUP-0416,Supplier 416 Ltd,contact@supplier416.com,0.86,19,0.0392,2026-02-27T14:39:29.186444
SUP-0417,Supplier 417 Ltd,contact@supplier417.com,0.85,19,0.0321,2026-02-27T14:39:29.186445
SUP-0418,Supplier 418 Ltd,contact@supplier418.com,0.83,8,0.0332,2026-02-27T14:39:29.186447
SUP-0419,Supplier 419 Ltd,contact@supplier419.com,0.74,14,0.0289,2026-02-27T14:39:29.186449
SUP-0420,Supplier 420 Ltd,contact@supplier420.com,0.97,19,0.0154,2026-02-27T14:39:29.186452
SUP-0421,Supplier 421 Ltd,contact@supplier421.com,0.89,11,0.0161,2026-02-27T14:39:29.186454
SUP-0422,Supplier 422 Ltd,contact@supplier422.com,0.72,16,0.0435,2026-02-27T14:39:29.186456
SUP-0423,Supplier 423 Ltd,contact@supplier423.com,0.93,10,0.0304,2026-02-27T14:39:29.186458
SUP-0424,Supplier 424 Ltd,contact@supplier424.com,0.93,6,0.0012,2026-02-27T14:39:29.186460
SUP-0425,Supplier 425 Ltd,contact@supplier425.com,0.84,17,0.0486,2026-02-27T14:39:29.186462
SUP-0426,Supplier 426 Ltd,contact@supplier426.com,0.77,10,0.0471,2026-02-27T14:39:29.186463
SUP-0427,Supplier 427 Ltd,contact@supplier427.com,0.82,11,0.049,2026-02-27T14:39:29.186465
SUP-0428,Supplier 428 Ltd,contact@supplier428.com,0.85,8,0.0491,2026-02-27T14:39:29.186467
SUP-0429,Supplier 429 Ltd,contact@supplier429.com,0.71,20,0.047,2026-02-27T14:39:29.186469
SUP-0430,Supplier 430 Ltd,contact@supplier430.com,0.91,4,0.0436,2026-02-27T14:39:29.186471
SUP-0431,Supplier 431 Ltd,contact@supplier431.com,0.97,20,0.0197,2026-02-27T14:39:29.186473
SUP-0432,Supplier 432 Ltd,contact@supplier432.com,0.94,7,0.0367,2026-02-27T14:39:29.186475
SUP-0433,Supplier 433 Ltd,contact@supplier433.com,0.9,12,0.0346,2026-02-27T14:39:29.186477
SUP-0434,Supplier 434 Ltd,contact@supplier434.com,0.85,15,0.0209,2026-02-27T14:39:29.186479
SUP-0435,Supplier 435 Ltd,contact@supplier435.com,0.97,10,0.0416,2026-02-27T14:39:29.186481
SUP-0436,Supplier 436 Ltd,contact@supplier436.com,0.88,8,0.0085,2026-02-27T14:39:29.186483
SUP-0437,Supplier 437 Ltd,contact@supplier437.com,0.97,16,0.0405,2026-02-27T14:39:29.186484
SUP-0438,Supplier 438 Ltd,contact@supplier438.com,0.85,6,0.0418,2026-02-27T14:39:29.186486
SUP-0439,Supplier 439 Ltd,contact@supplier439.com,0.99,6,0.0233,2026-02-27T14:39:29.186488
SUP-0440,Supplier 440 Ltd,contact@supplier440.com,0.85,5,0.0222,2026-02-27T14:39:29.186490
SUP-0441,Supplier 441 Ltd,contact@supplier441.com,0.82,12,0.0438,2026-02-27T14:39:29.186492
SUP-0442,Supplier 442 Ltd,contact@supplier442.com,0.91,16,0.0454,2026-02-27T14:39:29.186494
SUP-0443,Supplier 443 Ltd,contact@supplier443.com,0.84,20,0.0333,2026-02-27T14:39:29.186496
SUP-0444,Supplier 444 Ltd,contact@supplier444.com,0.71,19,0.0262,2026-02-27T14:39:29.186499
SUP-0445,Supplier 445 Ltd,contact@supplier445.com,0.92,11,0.008,2026-02-27T14:39:29.186501
SUP-0446,Supplier 446 Ltd,contact@supplier446.com,0.96,3,0.028,2026-02-27T14:39:29.186502
SUP-0447,Supplier 447 Ltd,contact@supplier447.com,0.89,15,0.0485,2026-02-27T14:39:29.186504
SUP-0448,Supplier 448 Ltd,contact@supplier448.com,0.74,18,0.0133,2026-02-27T14:39:29.186506
SUP-0449,Supplier 449 Ltd,contact@supplier449.com,0.76,16,0.0268,2026-02-27T14:39:29.186508
SUP-0450,Supplier 450 Ltd,contact@supplier450.com,0.7,11,0.0096,2026-02-27T14:39:29.186510
SUP-0451,Supplier 451 Ltd,contact@supplier451.com,0.74,16,0.0185,2026-02-27T14:39:29.186512
SUP-0452,Supplier 452 Ltd,contact@supplier452.com,0.74,17,0.0435,2026-02-27T14:39:29.186514
SUP-0453,Supplier 453 Ltd,contact@supplier453.com,0.98,18,0.0216,2026-02-27T14:39:29.186516
SUP-0454,Supplier 454 Ltd,contact@supplier454.com,0.89,18,0.0162,2026-02-27T14:39:29.186518
SUP-0455,Supplier 455 Ltd,contact@supplier455.com,0.76,4,0.0332,2026-02-27T14:39:29.186520
SUP-0456,Supplier 456 Ltd,contact@supplier456.com,0.93,11,0.0405,2026-02-27T14:39:29.186522
SUP-0457,Supplier 457 Ltd,contact@supplier457.com,0.77,4,0.047,2026-02-27T14:39:29.186524
SUP-0458,Supplier 458 Ltd,contact@supplier458.com,0.75,7,0.012,2026-02-27T14:39:29.186526
SUP-0459,Supplier 459 Ltd,contact@supplier459.com,0.78,20,0.038,2026-02-27T14:39:29.186528
SUP-0460,Supplier 460 Ltd,contact@supplier460.com,0.78,3,0.0427,2026-02-27T14:39:29.186530
SUP-0461,Supplier 461 Ltd,contact@supplier461.com,0.82,10,0.033,2026-02-27T14:39:29.186532
SUP-0462,Supplier 462 Ltd,contact@supplier462.com,0.86,14,0.0047,2026-02-27T14:39:29.186534
SUP-0463,Supplier 463 Ltd,contact@supplier463.com,0.94,12,0.0045,2026-02-27T14:39:29.186536
SUP-0464,Supplier 464 Ltd,contact@supplier464.com,0.94,14,0.0456,2026-02-27T14:39:29.186538
SUP-0465,Supplier 465 Ltd,contact@supplier465.com,0.82,9,0.0187,2026-02-27T14:39:29.186540
SUP-0466,Supplier 466 Ltd,contact@supplier466.com,0.7,6,0.0162,2026-02-27T14:39:29.186542
SUP-0467,Supplier 467 Ltd,contact@supplier467.com,0.89,13,0.0456,2026-02-27T14:39:29.186544
SUP-0468,Supplier 468 Ltd,contact@supplier468.com,0.71,3,0.0455,2026-02-27T14:39:29.186546
SUP-0469,Supplier 469 Ltd,contact@supplier469.com,0.83,8,0.0198,2026-02-27T14:39:29.186548
SUP-0470,Supplier 470 Ltd,contact@supplier470.com,0.96,3,0.021,2026-02-27T14:39:29.186550
SUP-0471,Supplier 471 Ltd,contact@supplier471.com,0.94,10,0.01,2026-02-27T14:39:29.186552
SUP-0472,Supplier 472 Ltd,contact@supplier472.com,0.89,5,0.0028,2026-02-27T14:39:29.186554
SUP-0473,Supplier 473 Ltd,contact@supplier473.com,0.88,16,0.0317,2026-02-27T14:39:29.186556
SUP-0474,Supplier 474 Ltd,contact@supplier474.com,0.88,20,0.0106,2026-02-27T14:39:29.186558
SUP-0475,Supplier 475 Ltd,contact@supplier475.com,0.87,7,0.032,2026-02-27T14:39:29.186560
SUP-0476,Supplier 476 Ltd,contact@supplier476.com,0.78,6,0.0363,2026-02-27T14:39:29.186562
SUP-0477,Supplier 477 Ltd,contact@supplier477.com,0.95,15,0.0424,2026-02-27T14:39:29.186564
SUP-0478,Supplier 478 Ltd,contact@supplier478.com,0.85,20,0.0101,2026-02-27T14:39:29.186566
SUP-0479,Supplier 479 Ltd,contact@supplier479.com,0.85,21,0.0115,2026-02-27T14:39:29.186568
SUP-0480,Supplier 480 Ltd,contact@supplier480.com,0.96,12,0.0214,2026-02-27T14:39:29.186569
SUP-0481,Supplier 481 Ltd,contact@supplier481.com,0.8,14,0.0295,2026-02-27T14:39:29.186572
SUP-0482,Supplier 482 Ltd,contact@supplier482.com,0.81,4,0.0017,2026-02-27T14:39:29.186574
SUP-0483,Supplier 483 Ltd,contact@supplier483.com,0.8,17,0.0147,2026-02-27T14:39:29.186576
SUP-0484,Supplier 484 Ltd,contact@supplier484.com,0.91,12,0.0046,2026-02-27T14:39:29.186578
SUP-0485,Supplier 485 Ltd,contact@supplier485.com,0.79,6,0.0017,2026-02-27T14:39:29.186580
SUP-0486,Supplier 486 Ltd,contact@supplier486.com,0.75,16,0.0233,2026-02-27T14:39:29.186581
SUP-0487,Supplier 487 Ltd,contact@supplier487.com,0.89,21,0.0028,2026-02-27T14:39:29.186583
SUP-0488,Supplier 488 Ltd,contact@supplier488.com,0.87,21,0.0128,2026-02-27T14:39:29.186585
SUP-0489,Supplier 489 Ltd,contact@supplier489.com,0.9,19,0.0295,2026-02-27T14:39:29.186587
SUP-0490,Supplier 490 Ltd,contact@supplier490.com,0.82,7,0.0146,2026-02-27T14:39:29.186589
SUP-0491,Supplier 491 Ltd,contact@supplier491.com,0.91,8,0.05,2026-02-27T14:39:29.186591
SUP-0492,Supplier 492 Ltd,contact@supplier492.com,0.82,15,0.0127,2026-02-27T14:39:29.186593
SUP-0493,Supplier 493 Ltd,contact@supplier493.com,0.86,4,0.0355,2026-02-27T14:39:29.186595
SUP-0494,Supplier 494 Ltd,contact@supplier494.com,0.75,12,0.0086,2026-02-27T14:39:29.186597
SUP-0495,Supplier 495 Ltd,contact@supplier495.com,0.76,19,0.0467,2026-02-27T14:39:29.186599
SUP-0496,Supplier 496 Ltd,contact@supplier496.com,0.73,7,0.0316,2026-02-27T14:39:29.186602
SUP-0497,Supplier 497 Ltd,contact@supplier497.com,0.84,17,0.0477,2026-02-27T14:39:29.186604
SUP-0498,Supplier 498 Ltd,contact@supplier498.com,0.76,21,0.0319,2026-02-27T14:39:29.186606
SUP-0499,Supplier 499 Ltd,contact@supplier499.com,0.89,10,0.0045,2026-02-27T14:39:29.186607
